t,mode_code,mode_label,V,Tb,I,H,Q
0.000000,4,head_drop,4.255196,58.110471,605.681231,6.754895,19976.183983
0.200000,4,head_drop,4.407176,57.843581,605.685025,6.780614,20055.005601
0.400000,4,head_drop,4.250355,58.154519,602.937339,6.732702,20083.869750
0.600000,4,head_drop,4.534323,57.962181,606.862522,6.758784,20037.139149
0.800000,4,head_drop,4.475922,58.174023,599.546671,6.715569,19946.899093
1.000000,4,head_drop,4.511082,58.079020,605.712985,6.774412,19945.813136
1.200000,4,head_drop,4.623428,58.109826,606.411660,6.748755,19933.906377
1.400000,4,head_drop,4.467165,57.691957,606.723532,6.708882,19947.342109
1.600000,4,head_drop,4.400986,57.985130,610.896804,6.725509,19947.406534
1.800000,4,head_drop,4.581882,58.470584,607.169124,6.705613,20036.946114
2.000000,4,head_drop,4.472096,57.485076,608.494982,6.693420,20091.573628
2.200000,4,head_drop,4.332779,58.026585,607.705760,6.701175,19975.378926
2.400000,4,head_drop,4.542358,58.135233,605.727200,6.827683,20047.908226
2.600000,4,head_drop,4.400942,58.130846,605.826937,6.708901,19932.924667
2.800000,4,head_drop,4.451016,57.733762,605.507927,6.689737,20027.807594
3.000000,4,head_drop,4.334687,57.954715,604.022018,6.728631,20045.727486
3.200000,4,head_drop,4.348057,57.988984,601.387461,6.713589,19985.998744
3.400000,4,head_drop,4.253707,58.221091,603.893041,6.794862,20065.515226
3.600000,4,head_drop,4.486287,57.848174,600.950974,6.751512,20024.620062
3.800000,4,head_drop,4.757525,58.173397,603.608922,6.703670,20020.307077
4.000000,4,head_drop,4.432006,58.208577,605.301489,6.715392,20022.052090
4.200000,4,head_drop,4.416108,57.633510,599.085052,6.751013,20012.387028
4.400000,4,head_drop,4.658949,58.187192,609.771661,6.747636,19929.021502
4.600000,4,head_drop,4.269733,58.131980,610.666045,6.840461,20007.492700
4.800000,4,head_drop,4.412774,58.194120,606.202071,6.744222,20037.474443
5.000000,4,head_drop,4.589121,57.707246,600.792567,6.663421,20003.061777
5.200000,4,head_drop,4.536329,58.165449,605.151430,6.807945,19966.151173
5.400000,4,head_drop,4.496223,57.870781,604.475804,6.753159,20005.012711
5.600000,4,head_drop,4.709425,57.585687,603.665177,6.788473,19964.584495
5.800000,4,head_drop,4.586582,58.138044,606.329179,6.779347,20010.463264
6.000000,4,head_drop,4.439688,57.941853,603.105710,6.690436,19951.821074
6.200000,4,head_drop,4.512317,57.975840,606.950334,6.737891,20015.977360
6.400000,4,head_drop,4.325874,58.202018,605.346265,6.759241,19946.969532
6.600000,4,head_drop,4.592441,58.145598,603.284941,6.733923,20007.791465
6.800000,4,head_drop,4.601024,57.855580,606.018735,6.719250,20076.840784
7.000000,4,head_drop,4.418204,57.894187,610.719048,6.739816,20037.036592
7.200000,4,head_drop,4.627437,57.951317,608.613618,6.796886,19968.478115
7.400000,4,head_drop,4.323806,58.124113,607.310772,6.735567,20056.594787
7.600000,4,head_drop,4.450302,58.141184,608.542063,6.741080,20021.846805
7.800000,4,head_drop,4.616728,57.877828,605.348262,6.780360,20014.790997
8.000000,4,head_drop,4.508463,58.114940,604.550649,6.770335,19993.150253
8.200000,4,head_drop,4.562999,58.386561,605.354283,6.794901,19915.714598
8.400000,4,head_drop,4.488761,58.176784,606.088230,6.767563,20044.087044
8.600000,4,head_drop,4.364748,57.674751,605.161367,6.763729,19938.316736
8.800000,4,head_drop,4.427748,57.968663,602.348503,6.766809,20104.073822
9.000000,4,head_drop,4.438200,58.016070,604.359211,6.754146,19957.976032
9.200000,4,head_drop,4.227984,57.997650,601.655950,6.714833,20051.770435
9.400000,4,head_drop,4.182400,58.348740,601.694603,6.750024,19987.675321
9.600000,4,head_drop,4.643722,57.890922,602.433428,6.754644,20066.257503
9.800000,4,head_drop,4.294630,57.891373,609.316553,6.758247,19922.674677
10.000000,4,head_drop,4.706409,57.967301,602.277662,6.786432,19969.152005
10.200000,4,head_drop,4.303237,58.260324,607.661653,6.683039,20078.186148
10.400000,4,head_drop,4.686126,58.225900,601.994934,6.745585,20034.013022
10.600000,4,head_drop,4.463555,58.201790,604.635356,6.699492,20009.415168
10.800000,4,head_drop,4.685636,58.060264,605.310951,6.789097,19958.739113
11.000000,4,head_drop,4.356318,57.779581,598.748747,6.737357,20016.516229
11.200000,4,head_drop,4.237794,58.095525,599.629570,6.798583,19951.574334
11.400000,4,head_drop,4.406524,57.664911,604.189342,6.704036,20062.020655
11.600000,4,head_drop,4.475130,58.109394,603.345982,6.809892,20002.826293
11.800000,4,head_drop,4.670249,57.998229,604.888548,6.760653,20018.049576
12.000000,4,head_drop,4.422000,57.897158,603.984587,6.761277,20008.838328
12.200000,4,head_drop,4.370041,57.809626,604.976739,6.808229,19958.433170
12.400000,4,head_drop,4.615183,57.686397,599.583625,6.783030,20019.962781
12.600000,4,head_drop,4.563505,57.927627,607.190396,6.758084,19941.598058
12.800000,4,head_drop,4.832713,57.959405,605.646548,6.805853,19947.399201
13.000000,4,head_drop,4.411185,57.991772,605.966989,6.789074,20022.799036
13.200000,4,head_drop,4.473672,57.808823,601.526772,6.777815,19928.930395
13.400000,4,head_drop,4.580774,57.998858,604.550983,6.707208,19979.828965
13.600000,4,head_drop,4.736232,58.055503,606.215799,6.765926,20016.130099
13.800000,4,head_drop,4.626665,58.145485,606.255796,6.733395,19958.786334
14.000000,4,head_drop,4.454982,57.628876,605.549888,6.839804,19958.798388
14.200000,4,head_drop,4.726296,57.921998,611.245519,6.739311,19923.995316
14.400000,4,head_drop,4.571480,57.875188,604.640136,6.737614,20006.221335
14.600000,4,head_drop,4.529620,58.161765,602.951070,6.662838,19986.969413
14.800000,4,head_drop,4.375261,58.163917,605.155788,6.777262,20005.368250
15.000000,4,head_drop,4.626518,57.822470,603.285948,6.795554,20023.249003
15.200000,4,head_drop,4.480577,58.194163,604.654771,6.768592,19951.499475
15.400000,4,head_drop,4.722356,57.929144,608.549632,6.772315,20000.002207
15.600000,4,head_drop,4.325396,57.984264,602.867802,6.799486,20011.375704
15.800000,4,head_drop,4.758315,57.939295,601.929763,6.680924,19994.665249
16.000000,4,head_drop,4.262108,58.121125,602.825831,6.802030,19991.730403
16.200000,4,head_drop,4.508628,57.926966,604.660535,6.748014,20052.987274
16.400000,4,head_drop,4.498809,57.584865,606.701381,6.729904,19957.507296
16.600000,4,head_drop,4.595165,58.009095,605.536223,6.744783,19972.410122
16.800000,4,head_drop,4.661062,58.221977,604.916182,6.701638,20021.603822
17.000000,4,head_drop,4.533196,57.988302,604.451398,6.736395,19903.887557
17.200000,4,head_drop,4.294889,57.737743,601.523684,6.757341,20025.162685
17.400000,4,head_drop,4.531531,58.134576,605.231431,6.750622,19997.463475
17.600000,4,head_drop,4.685759,57.947725,604.942935,6.735939,20002.917352
17.800000,4,head_drop,4.569327,57.747419,604.893781,6.728281,20046.033772
18.000000,4,head_drop,4.332437,57.941290,608.384834,6.813847,20004.433204
18.200000,4,head_drop,4.728104,57.853157,607.133784,6.704384,19955.036802
18.400000,4,head_drop,4.411715,57.937819,600.370838,6.719311,19982.425566
18.600000,4,head_drop,4.449161,58.271623,598.824612,6.725727,20019.346104
18.800000,4,head_drop,4.378060,57.896014,604.154471,6.643534,20006.378504
19.000000,4,head_drop,4.425294,57.917162,609.250436,6.713288,20018.320047
19.200000,4,head_drop,4.426500,57.926872,608.158333,6.688164,20044.910278
19.400000,4,head_drop,4.496522,58.013602,603.794118,6.819781,20062.234008
19.600000,4,head_drop,4.761132,58.252991,607.673149,6.803464,20041.686516
19.800000,4,head_drop,4.114345,58.248008,602.067141,6.700171,19985.690330
20.000000,4,head_drop,4.613068,58.007031,602.931096,6.801017,20047.912497
20.200000,4,head_drop,4.601507,57.780854,607.965119,6.764372,20015.867493
20.400000,4,head_drop,4.501468,57.700505,608.997711,6.882370,19935.950252
20.600000,4,head_drop,4.473945,57.890835,604.123699,6.749524,19998.342971
20.800000,4,head_drop,4.378963,57.999349,605.197139,6.771476,20036.473310
21.000000,4,head_drop,4.663665,57.802349,605.173337,6.743801,19991.090296
21.200000,4,head_drop,4.353386,57.687787,605.713360,6.719137,20001.937535
21.400000,4,head_drop,4.673171,58.144644,601.082869,6.779737,20024.471719
21.600000,4,head_drop,4.499064,58.329603,605.091564,6.755665,20006.368345
21.800000,4,head_drop,4.502022,57.892835,610.730699,6.669709,19988.448521
22.000000,4,head_drop,4.549342,57.814380,606.698034,6.764803,19992.799244
22.200000,4,head_drop,4.423273,58.261046,604.714842,6.796985,20028.646282
22.400000,4,head_drop,4.545586,57.971110,607.606587,6.737405,19982.416625
22.600000,4,head_drop,4.284347,58.036914,599.422328,6.754239,20060.178643
22.800000,4,head_drop,4.495721,58.095026,603.925151,6.751620,19953.076716
23.000000,4,head_drop,4.540420,58.170529,605.874399,6.699562,19981.911254
23.200000,4,head_drop,4.356866,57.846969,606.588604,6.729846,20057.763096
23.400000,4,head_drop,4.534168,58.040761,610.269833,6.721923,19928.178373
23.600000,4,head_drop,4.402243,58.188801,607.761787,6.776845,20028.902559
23.800000,4,head_drop,4.460062,57.984523,607.054975,6.756307,19873.393848
24.000000,4,head_drop,4.572542,57.898527,604.744745,6.816298,19967.213802
24.200000,4,head_drop,4.363581,58.050487,608.511097,6.718703,20089.183139
24.400000,4,head_drop,4.457769,58.166817,605.310124,6.757367,19924.024464
24.600000,4,head_drop,4.374836,58.075624,605.029171,6.731201,19991.549116
24.800000,4,head_drop,4.238979,57.909046,605.040548,6.729808,19958.436438
25.000000,4,head_drop,4.371166,57.790217,607.604902,6.784356,19972.174523
25.200000,4,head_drop,4.403823,58.020924,598.968524,6.718617,20040.553576
25.400000,4,head_drop,4.671023,58.134320,604.699902,6.720605,19957.084743
25.600000,4,head_drop,4.522166,57.868003,603.659632,6.690709,20042.703536
25.800000,4,head_drop,4.547509,57.569787,606.362331,6.747335,19994.581472
26.000000,4,head_drop,4.234705,58.197323,603.354131,6.733642,19992.586230
26.200000,4,head_drop,4.280303,57.904751,601.936954,6.823512,20015.502156
26.400000,4,head_drop,4.602278,57.745286,601.310181,6.752547,20025.893700
26.600000,4,head_drop,4.395814,58.005699,606.130056,6.744155,20035.383809
26.800000,4,head_drop,4.596929,58.380527,608.876538,6.839909,19966.379359
27.000000,4,head_drop,4.247712,57.874569,606.781915,6.710521,19980.293171
27.200000,4,head_drop,4.386877,57.982199,599.860955,6.716787,20011.195454
27.400000,4,head_drop,4.438543,57.944611,603.071534,6.792095,19988.041515
27.600000,4,head_drop,4.460065,58.202092,606.640958,6.703295,19978.762696
27.800000,4,head_drop,4.675221,58.248901,611.431312,6.756538,19963.729041
28.000000,4,head_drop,4.382139,57.881985,603.374206,6.754376,20104.142480
28.200000,4,head_drop,4.520177,58.494826,611.306242,6.733217,19989.340444
28.400000,4,head_drop,4.534562,57.681502,603.531472,6.707609,19993.930996
28.600000,4,head_drop,4.424605,57.938007,608.619496,6.755999,19966.442777
28.800000,4,head_drop,4.396315,57.884210,605.743850,6.734593,20073.901177
29.000000,4,head_drop,4.243460,57.739523,600.499886,6.815806,20017.374276
29.200000,4,head_drop,4.715671,57.905279,604.997101,6.768638,19945.836516
29.400000,4,head_drop,4.464413,57.976134,606.460028,6.755568,20047.840849
29.600000,4,head_drop,4.372552,57.846802,602.742569,6.709682,19975.174864
29.800000,4,head_drop,4.640814,57.764388,606.988655,6.750683,19928.412189
30.000000,4,head_drop,4.487326,58.207413,605.021275,6.814355,19985.437245
30.200000,4,head_drop,4.197813,57.917141,605.553485,6.761717,19925.382309
30.400000,4,head_drop,4.594538,58.146672,605.577116,6.740150,19969.485096
30.600000,4,head_drop,4.495847,58.205338,605.830327,6.754227,19960.613165
30.800000,4,head_drop,4.497605,58.325193,607.980447,6.775507,19965.329272
31.000000,4,head_drop,4.537225,57.893595,604.951470,6.683636,20038.854586
31.200000,4,head_drop,4.494161,57.734361,604.179012,6.716392,20009.263111
31.400000,4,head_drop,4.632458,57.900161,601.578491,6.750308,20053.527110
31.600000,4,head_drop,4.637105,57.808984,605.394283,6.781735,20065.138863
31.800000,4,head_drop,4.713475,57.864577,603.508741,6.695845,19964.231460
32.000000,4,head_drop,4.628907,58.168451,605.607003,6.706229,20027.446690
32.200000,4,head_drop,4.753443,58.092293,603.299496,6.711449,19985.499683
32.400000,4,head_drop,4.265206,57.922649,600.834825,6.724743,20062.823858
32.600000,4,head_drop,4.479217,57.578426,605.348514,6.781121,20044.832945
32.800000,4,head_drop,4.612835,57.867350,601.487241,6.705408,19990.169162
33.000000,4,head_drop,4.562338,58.124178,603.308113,6.741597,20090.137036
33.200000,4,head_drop,4.758946,57.962880,603.149434,6.705542,19950.358749
33.400000,4,head_drop,4.640550,57.644589,605.284292,6.724918,20066.054004
33.600000,4,head_drop,4.612250,58.128679,603.921726,6.732289,20002.420780
33.800000,4,head_drop,4.382412,58.228132,610.200990,6.730194,19981.642870
34.000000,4,head_drop,4.575260,57.924279,605.928888,6.751688,19960.003458
34.200000,4,head_drop,4.877956,58.326542,610.347039,6.816258,19974.615665
34.400000,4,head_drop,4.175874,58.095200,607.005357,6.826712,20028.250640
34.600000,4,head_drop,4.472991,57.835052,598.332717,6.713307,20008.141831
34.800000,4,head_drop,4.622753,57.819246,602.466677,6.737573,20102.362812
35.000000,4,head_drop,4.489685,57.819397,605.048381,6.678017,20020.164841
35.200000,4,head_drop,4.598394,58.204635,604.769850,6.706113,20048.096270
35.400000,4,head_drop,4.513721,57.903299,603.683882,6.666093,19986.588614
35.600000,4,head_drop,4.400198,57.800259,603.527131,6.727037,20002.600408
35.800000,4,head_drop,4.671786,58.197724,600.604397,6.835212,20028.507031
36.000000,4,head_drop,4.464087,58.084767,609.273881,6.747160,19977.683609
36.200000,4,head_drop,4.344259,58.053595,604.695349,6.756728,20010.212672
36.400000,4,head_drop,4.450492,57.827605,605.090798,6.682561,20005.399260
36.600000,4,head_drop,4.390374,58.073537,601.460461,6.753864,19959.675794
36.800000,4,head_drop,4.551052,58.071081,602.270642,6.746026,19974.372386
37.000000,4,head_drop,4.567337,57.807532,606.208848,6.735578,19989.864121
37.200000,4,head_drop,4.503196,57.532825,605.825754,6.729563,20022.288562
37.400000,4,head_drop,4.534972,57.603566,608.785313,6.811828,19927.193704
37.600000,4,head_drop,4.425701,58.275404,598.613156,6.783080,19994.223639
37.800000,4,head_drop,4.339200,58.151098,608.462986,6.736220,19976.379165
38.000000,4,head_drop,4.299781,57.748389,602.672151,6.821674,20071.539791
38.200000,4,head_drop,4.379424,57.903148,599.394868,6.739256,20006.824507
38.400000,4,head_drop,4.345819,57.979711,603.692537,6.813636,20000.110864
38.600000,4,head_drop,4.609956,58.003144,598.342459,6.770946,19998.936588
38.800000,4,head_drop,4.425110,58.154285,606.910687,6.759520,19940.533046
39.000000,4,head_drop,4.584010,57.914528,601.608441,6.710513,19985.568859
39.200000,4,head_drop,4.965117,58.001283,609.504376,6.724311,20026.640806
39.400000,4,head_drop,4.348107,58.064630,604.776820,6.740734,20045.862319
39.600000,4,head_drop,4.618202,57.935708,611.112407,6.767928,19980.215668
39.800000,4,head_drop,4.403048,58.123363,604.909398,6.755645,19974.945571
40.000000,4,head_drop,4.601970,57.776178,608.999753,6.806271,20034.207292
40.200000,4,head_drop,4.555392,58.118761,602.391357,6.721647,19988.587346
40.400000,4,head_drop,4.404886,57.885066,608.580282,6.765779,20028.637042
40.600000,4,head_drop,4.716880,58.066853,604.505750,6.761065,20054.872535
40.800000,4,head_drop,4.384853,58.506192,603.417926,6.709143,20026.727910
41.000000,4,head_drop,5.000759,58.093828,607.432048,6.732926,19936.803933
41.200000,4,head_drop,4.703656,57.842002,609.422910,6.697731,19894.094036
41.400000,4,head_drop,4.267818,58.158679,600.652278,6.658515,19903.252096
41.600000,4,head_drop,4.843613,57.882680,605.863567,6.704806,19827.161170
41.800000,4,head_drop,4.257826,58.168572,599.546769,6.594022,19809.670696
42.000000,4,head_drop,4.538833,58.198983,604.177482,6.673158,19882.144140
42.200000,4,head_drop,4.563833,58.079111,597.383721,6.605735,19764.951880
42.400000,4,head_drop,4.475409,58.048683,599.834161,6.585814,19772.775709
42.600000,4,head_drop,4.627433,58.151485,598.098207,6.498853,19654.248654
42.800000,4,head_drop,4.595785,58.095426,599.247919,6.493127,19658.252608
43.000000,4,head_drop,4.511528,58.330858,600.267406,6.514769,19586.994054
43.200000,4,head_drop,4.901181,58.015460,599.487163,6.481689,19614.280183
43.400000,4,head_drop,4.307641,58.200730,599.553769,6.489275,19554.481475
43.600000,4,head_drop,4.665213,57.704736,600.064749,6.496573,19568.791165
43.800000,4,head_drop,4.901143,58.088429,599.818930,6.432233,19510.588317
44.000000,4,head_drop,4.872186,58.444426,598.066931,6.414820,19441.780063
44.200000,4,head_drop,4.834023,58.403063,596.098747,6.427567,19414.348994
44.400000,4,head_drop,4.913974,58.314239,592.061113,6.374722,19388.837866
44.600000,4,head_drop,4.727977,58.222492,597.952705,6.339391,19307.195491
44.800000,4,head_drop,4.883555,58.099966,594.567691,6.357397,19254.160925
45.000000,4,head_drop,4.856180,58.269911,595.141244,6.261179,19263.639329
45.200000,4,head_drop,5.061459,58.246937,590.399081,6.251336,19164.144941
45.400000,4,head_drop,4.993182,58.432658,594.334527,6.237449,19139.890158
45.600000,4,head_drop,4.998707,58.745242,596.229954,6.124728,19175.001703
45.800000,4,head_drop,5.403533,58.535987,593.636189,6.183557,19038.937614
46.000000,4,head_drop,5.206001,58.370650,590.895546,6.147090,19048.844811
46.200000,4,head_drop,5.122879,58.560077,591.199552,6.167655,18915.806331
46.400000,4,head_drop,5.162935,58.355442,587.472916,6.021867,18926.976363
46.600000,4,head_drop,5.006692,58.786129,595.935470,6.109451,18891.982922
46.800000,4,head_drop,5.188208,58.557371,595.067282,6.028679,18859.371686
47.000000,4,head_drop,5.326396,58.521295,591.288420,6.040196,18766.763734
47.200000,4,head_drop,5.270118,58.464031,591.907111,6.121911,18813.046020
47.400000,4,head_drop,5.410375,58.439844,587.849127,6.025591,18733.871422
47.600000,4,head_drop,5.324228,58.686168,592.008239,5.915292,18681.358466
47.800000,4,head_drop,5.444335,58.511365,588.120905,5.965075,18630.048068
48.000000,4,head_drop,5.588757,58.485906,587.364019,5.792264,18600.914873
48.200000,4,head_drop,5.539774,58.700068,590.852550,5.915260,18594.019851
48.400000,4,head_drop,5.390162,58.773069,582.361801,5.874885,18501.459844
48.600000,4,head_drop,5.505775,58.637270,584.957707,5.873322,18547.206278
48.800000,4,head_drop,5.615026,58.657786,585.720685,5.814412,18523.990654
49.000000,4,head_drop,5.419567,58.748238,591.230011,5.855620,18445.981064
49.200000,4,head_drop,5.328389,58.441786,589.206042,5.796519,18399.071335
49.400000,4,head_drop,5.644659,58.782801,583.670622,5.776174,18400.175862
49.600000,4,head_drop,5.650950,58.753382,582.147843,5.689698,18351.687631
49.800000,4,head_drop,5.684316,58.950152,587.322719,5.804794,18329.027636
50.000000,4,head_drop,5.576074,58.892488,587.074054,5.756388,18228.104605
50.200000,4,head_drop,5.782488,58.968453,583.534885,5.698407,18193.912125
50.400000,4,head_drop,5.697707,58.614577,581.108620,5.651535,18243.482616
50.600000,4,head_drop,5.807469,58.892518,581.560629,5.697806,18177.399611
50.800000,4,head_drop,5.926322,58.935513,580.444111,5.749099,18166.642553
51.000000,4,head_drop,5.970494,58.794569,586.498258,5.620263,18193.014414
51.200000,4,head_drop,6.126402,59.064225,581.736065,5.684619,18052.549315
51.400000,4,head_drop,5.665555,59.052538,579.178420,5.666661,17952.329649
51.600000,4,head_drop,5.985404,59.251404,584.921277,5.689475,17947.486680
51.800000,4,head_drop,6.006493,59.391624,580.015103,5.643578,17944.799512
52.000000,4,head_drop,6.067957,59.352674,576.479950,5.623510,17902.366747
52.200000,4,head_drop,5.937206,59.328000,577.060475,5.581996,17941.793916
52.400000,4,head_drop,5.776448,58.946580,579.897501,5.540195,17894.750693
52.600000,4,head_drop,6.192490,59.460609,581.040913,5.484881,17803.466377
52.800000,4,head_drop,6.356914,59.322675,580.807715,5.500551,17822.233141
53.000000,4,head_drop,5.904963,59.648957,579.523131,5.506432,17868.422603
53.200000,4,head_drop,6.141967,59.154672,582.640408,5.508810,17857.011787
53.400000,4,head_drop,6.050525,59.183204,577.161436,5.463539,17691.027485
53.600000,4,head_drop,5.974677,59.344940,578.096493,5.487332,17716.367828
53.800000,4,head_drop,6.294599,59.378463,582.396859,5.383941,17838.941775
54.000000,4,head_drop,6.248313,59.362712,581.213566,5.424880,17724.161546
54.200000,4,head_drop,6.200660,59.041012,577.528995,5.442668,17676.113491
54.400000,4,head_drop,6.255771,59.377984,581.082931,5.395649,17692.611949
54.600000,4,head_drop,6.083300,59.836374,576.576025,5.400098,17666.860476
54.800000,4,head_drop,6.220445,59.263858,576.473107,5.380940,17663.665641
55.000000,4,head_drop,6.180008,59.815337,576.242478,5.335450,17582.190545
55.200000,4,head_drop,6.331062,59.546048,574.558082,5.357838,17555.366220
55.400000,4,head_drop,6.299226,59.813526,579.245593,5.444529,17556.181325
55.600000,4,head_drop,6.387832,60.033231,576.980940,5.428988,17530.044035
55.800000,4,head_drop,6.236147,59.341203,578.325262,5.390336,17608.224641
56.000000,4,head_drop,6.135402,59.848661,581.668273,5.420877,17483.199597
56.200000,4,head_drop,6.423604,59.851368,576.042689,5.391994,17555.076647
56.400000,4,head_drop,6.295956,59.795975,572.539228,5.319423,17563.856385
56.600000,4,head_drop,6.250847,59.844197,575.448202,5.336166,17463.839907
56.800000,4,head_drop,6.410491,59.841704,577.037764,5.338898,17519.189856
57.000000,4,head_drop,6.353836,59.691601,573.336814,5.320642,17458.061690
57.200000,4,head_drop,6.330330,60.122500,568.225727,5.257298,17499.606062
57.400000,4,head_drop,6.332605,59.799397,573.321960,5.314722,17441.309255
57.600000,4,head_drop,6.259925,59.901080,574.630057,5.288243,17400.356696
57.800000,4,head_drop,6.347055,59.934364,574.539163,5.302944,17426.829145
58.000000,4,head_drop,6.113104,59.929128,574.964831,5.292962,17292.772095
58.200000,4,head_drop,6.308944,59.773817,575.273594,5.249964,17339.605023
58.400000,4,head_drop,6.260790,60.113294,573.439599,5.284069,17365.752122
58.600000,4,head_drop,6.599689,59.787014,574.834298,5.283906,17393.780653
58.800000,4,head_drop,6.474295,59.899501,572.479919,5.234010,17352.369788
59.000000,4,head_drop,6.597681,60.108389,577.107349,5.288534,17354.482616
59.200000,4,head_drop,6.296394,60.033843,572.260092,5.223472,17265.487613
59.400000,4,head_drop,6.291387,59.893771,573.754319,5.285816,17259.272196
59.600000,4,head_drop,6.388684,60.259436,572.598469,5.221501,17311.213526
59.800000,4,head_drop,6.547588,60.293725,574.801539,5.216464,17276.234024
60.000000,4,head_drop,6.531300,59.645505,570.355262,5.252154,17252.180949
60.200000,4,head_drop,6.382558,60.271251,572.577484,5.184845,17249.183520
60.400000,4,head_drop,6.395604,60.018182,575.304359,5.144244,17329.150486
60.600000,4,head_drop,6.570878,60.245222,575.789341,5.251302,17196.079302
60.800000,4,head_drop,6.596210,60.716722,573.224983,5.212333,17258.042899
61.000000,4,head_drop,6.425422,60.080025,572.106832,5.268755,17224.528486
61.200000,4,head_drop,6.384925,60.593081,573.827511,5.167070,17229.628763
61.400000,4,head_drop,6.339111,60.213819,569.752129,5.226760,17191.463907
61.600000,4,head_drop,6.490980,60.361882,572.712200,5.166237,17183.544471
61.800000,4,head_drop,6.638377,60.305931,575.011496,5.212163,17242.589153
62.000000,4,head_drop,6.419205,60.360880,568.286925,5.224738,17232.943852
62.200000,4,head_drop,6.563107,60.466648,576.867386,5.181858,17167.428212
62.400000,4,head_drop,6.395846,60.742327,576.931186,5.115556,17155.489169
62.600000,4,head_drop,6.406234,60.528444,570.136784,5.208129,17214.782980
62.800000,4,head_drop,6.611113,60.198306,573.600210,5.208828,17181.958036
63.000000,4,head_drop,6.442767,60.765823,568.022421,5.133160,17167.709674
63.200000,4,head_drop,6.504038,60.481460,574.868012,5.204881,17047.276123
63.400000,4,head_drop,6.368594,60.003748,571.972924,5.205886,17130.577829
63.600000,4,head_drop,6.569289,60.670891,573.291977,5.188255,17202.857534
63.800000,4,head_drop,6.524387,60.693109,571.510611,5.109192,17111.141757
64.000000,4,head_drop,6.386657,60.718322,567.059612,5.189602,17144.294893
64.200000,4,head_drop,6.510053,61.125065,572.137751,5.258514,17062.284600
64.400000,4,head_drop,6.679631,60.469453,570.848685,5.201950,17155.883506
64.600000,4,head_drop,6.534046,60.265687,574.448660,5.255320,17093.922782
64.800000,4,head_drop,6.650465,60.662917,569.433216,5.164583,17102.514185
65.000000,4,head_drop,6.541634,60.870543,573.782887,5.152767,17048.808919
65.200000,4,head_drop,6.594662,60.730709,569.288106,5.183879,17028.652134
65.400000,4,head_drop,6.558931,60.889375,568.564428,5.094713,17151.741278
65.600000,4,head_drop,6.582956,60.839973,569.530824,5.155804,17024.854817
65.800000,4,head_drop,6.752608,61.133670,564.743525,5.203373,17064.690072
66.000000,4,head_drop,6.941809,60.896925,572.089554,5.107545,17088.985434
66.200000,4,head_drop,6.742461,60.990179,570.539795,5.162190,16996.820625
66.400000,4,head_drop,6.685197,60.999872,574.091291,5.182509,17065.001847
66.600000,4,head_drop,6.736041,61.069228,573.349299,5.033490,17105.517439
66.800000,4,head_drop,6.676445,60.754643,571.121127,5.182234,17066.617910
67.000000,4,head_drop,6.729380,60.822768,574.983191,5.205573,17119.867084
67.200000,4,head_drop,6.855184,61.318740,570.300068,5.093360,17066.375736
67.400000,4,head_drop,6.643709,60.746260,568.701742,5.144228,17042.190094
67.600000,4,head_drop,6.597711,60.950102,577.516442,5.124279,17093.997410
67.800000,4,head_drop,6.855446,60.931155,573.139099,5.146134,17062.603453
68.000000,4,head_drop,6.873179,60.906948,567.994903,5.160684,17017.121352
68.200000,4,head_drop,6.610135,60.972022,570.236903,5.106450,16997.495002
68.400000,4,head_drop,6.574543,61.193995,574.235977,5.095098,17036.073839
68.600000,4,head_drop,6.516778,61.158647,570.587730,5.082132,17057.090595
68.800000,4,head_drop,6.625941,61.421095,574.260291,5.109527,16970.371630
69.000000,4,head_drop,6.526089,61.397605,575.153612,5.101025,16932.654154
69.200000,4,head_drop,6.720586,61.072219,570.122180,5.052112,16902.698545
69.400000,4,head_drop,6.569277,61.092937,573.176528,5.032974,16962.207430
69.600000,4,head_drop,6.719724,61.110598,571.412485,5.156304,17018.180443
69.800000,4,head_drop,6.584272,61.140484,570.720133,5.180103,17021.898367
70.000000,4,head_drop,6.495478,61.050729,577.109451,5.108534,17142.612917
70.200000,4,head_drop,6.387420,60.927000,574.379825,5.159408,17086.144411
70.400000,4,head_drop,6.700201,61.301135,567.631277,5.139348,17018.909375
70.600000,4,head_drop,6.782830,61.230395,571.283376,5.113138,17045.179334
70.800000,4,head_drop,6.405254,60.993021,573.997391,5.139670,17022.202494
71.000000,4,head_drop,6.737599,61.393011,572.090964,5.095005,17021.711291
71.200000,4,head_drop,6.604334,61.233412,564.934404,5.102389,17033.998085
71.400000,4,head_drop,6.774582,61.541372,572.235910,5.062098,16969.780691
71.600000,4,head_drop,6.751576,61.097684,573.660340,5.137529,17009.043571
71.800000,4,head_drop,6.651416,61.388164,563.704401,5.122381,17033.395565
72.000000,4,head_drop,6.878030,61.394780,568.363224,5.046319,17069.786122
72.200000,4,head_drop,6.709601,61.270537,573.252759,5.133143,17027.268689
72.400000,4,head_drop,6.861968,61.076791,567.782263,5.136211,16963.109859
72.600000,4,head_drop,6.649699,60.905046,577.623294,5.026855,16905.352725
72.800000,4,head_drop,6.659588,61.468104,571.824937,5.069219,16999.339499
73.000000,4,head_drop,6.907113,61.385795,567.704856,5.181866,17031.466000
73.200000,4,head_drop,6.584768,61.450802,568.731752,5.167917,17010.190385
73.400000,4,head_drop,6.613125,61.597877,566.336770,5.145220,17007.980480
73.600000,4,head_drop,6.265774,61.329752,571.681380,5.075979,17022.000874
73.800000,4,head_drop,6.582120,61.122917,569.842675,5.164279,17038.262311
74.000000,4,head_drop,6.656957,61.424047,573.252929,5.120072,16986.132769
74.200000,4,head_drop,6.559494,61.827931,571.299839,5.115913,16927.743057
74.400000,4,head_drop,6.828133,61.581624,569.884999,5.140613,16958.711765
74.600000,4,head_drop,6.641467,61.412996,571.641980,5.104493,16915.141782
74.800000,4,head_drop,6.533986,61.169308,575.066722,5.072435,16902.444699
75.000000,4,head_drop,6.689140,61.405060,573.020748,5.116823,16966.272499
75.200000,4,head_drop,6.552286,61.443169,571.656932,5.080808,17000.069898
75.400000,4,head_drop,6.704871,61.723145,573.816358,5.097375,16970.328135
75.600000,4,head_drop,6.610307,61.505343,574.203951,5.024227,16939.471708
75.800000,4,head_drop,6.719191,61.461164,567.807353,5.090138,16947.395472
76.000000,4,head_drop,6.616158,61.691965,569.007894,5.086706,16981.268639
76.200000,4,head_drop,6.672487,62.047948,573.559162,5.146454,16944.155293
76.400000,4,head_drop,6.599548,61.576398,573.210830,5.180358,16899.003643
76.600000,4,head_drop,6.678099,61.581313,574.507742,5.061648,16965.931269
76.800000,4,head_drop,6.655736,61.758211,568.757501,5.118979,17033.608689
77.000000,4,head_drop,6.674399,61.779609,567.071998,5.131155,16853.240496
77.200000,4,head_drop,6.617483,61.810409,576.420431,5.141039,16907.960735
77.400000,4,head_drop,6.764489,61.959137,569.923998,5.088224,16902.781612
77.600000,4,head_drop,6.509760,62.338642,565.860194,5.216478,16940.509445
77.800000,4,head_drop,6.619755,61.709581,572.844400,5.108912,16939.073290
78.000000,4,head_drop,6.549738,61.585872,568.008935,5.112356,16869.856771
78.200000,4,head_drop,6.777749,62.171683,571.013962,5.076171,17021.061695
78.400000,4,head_drop,6.497403,61.927935,569.970912,5.057495,16952.905167
78.600000,4,head_drop,6.913731,61.542553,569.777831,5.105512,17005.350677
78.800000,4,head_drop,6.900996,61.761589,569.202527,5.105176,17036.696953
79.000000,4,head_drop,6.863193,61.864455,574.415275,5.148382,16948.379343
79.200000,4,head_drop,6.665385,62.340891,570.002150,5.110835,16942.373520
79.400000,4,head_drop,6.775247,61.798731,569.028205,5.145937,16915.700593
79.600000,4,head_drop,6.740513,62.163142,568.332561,5.064665,16988.331781
79.800000,4,head_drop,6.804332,61.599171,573.360191,5.055845,16966.217995
80.000000,4,head_drop,6.624902,62.092941,570.912063,5.126310,16964.640555
80.200000,4,head_drop,6.669591,61.979232,569.752861,5.097552,16940.735949
80.400000,4,head_drop,6.811115,61.553031,574.465524,5.141726,16935.081257
80.600000,4,head_drop,6.704281,61.977107,568.850514,5.113697,17007.938306
80.800000,4,head_drop,6.784650,62.145156,570.300606,5.132181,16963.000200
81.000000,4,head_drop,7.012356,61.666109,569.976927,5.078243,17005.455503
81.200000,4,head_drop,6.774290,61.659543,569.926425,5.069689,17002.547233
81.400000,4,head_drop,6.877136,61.808840,571.505960,5.103590,16996.353016
81.600000,4,head_drop,6.840201,61.731651,569.507317,5.092551,16971.573789
81.800000,4,head_drop,6.891972,61.798942,573.677566,5.087413,17000.312987
82.000000,4,head_drop,6.686563,62.272418,570.919523,5.134446,16919.248890
82.200000,4,head_drop,6.711249,62.095161,572.903991,5.100292,16982.340797
82.400000,4,head_drop,6.451842,62.001365,573.861692,5.096702,16923.810502
82.600000,4,head_drop,7.108195,61.884256,571.252411,5.122955,16979.896391
82.800000,4,head_drop,6.479592,61.795403,572.182047,5.078129,16906.744633
83.000000,4,head_drop,7.114780,62.112949,570.781904,5.058550,16964.279458
83.200000,4,head_drop,6.925214,62.175121,571.810002,5.113822,16876.865646
83.400000,4,head_drop,7.021983,61.925183,569.865162,5.111164,16922.809947
83.600000,4,head_drop,6.715724,62.223159,570.686229,5.135458,16940.000533
83.800000,4,head_drop,6.829850,61.896595,572.122525,5.138913,16933.813073
84.000000,4,head_drop,6.707588,62.143065,569.910548,5.137354,16960.409844
84.200000,4,head_drop,6.755110,62.337237,570.587171,5.068273,16967.848288
84.400000,4,head_drop,6.949400,61.866967,568.490877,5.032046,16959.347095
84.600000,4,head_drop,6.619515,62.229470,573.229965,5.044893,16966.402960
84.800000,4,head_drop,6.779861,62.069263,572.066130,5.135483,16892.687498
85.000000,4,head_drop,6.431259,62.235610,569.623173,5.129262,16937.186692
85.200000,4,head_drop,6.787609,61.964098,570.562463,5.016641,16982.415666
85.400000,4,head_drop,6.728560,62.110203,566.931853,5.199115,16882.977056
85.600000,4,head_drop,6.745246,62.497859,578.425698,5.135085,16964.996337
85.800000,4,head_drop,6.973822,62.277121,570.010735,5.128096,16901.487117
86.000000,4,head_drop,6.893515,62.182196,565.994690,5.091396,16949.624503
86.200000,4,head_drop,6.734836,61.909669,575.302381,5.154736,16907.772109
86.400000,4,head_drop,6.754016,61.965382,570.259114,5.084437,16904.700411
86.600000,4,head_drop,6.830551,62.276055,572.956782,5.105786,16977.603109
86.800000,4,head_drop,6.606611,62.322747,572.371225,5.147702,16913.043058
87.000000,4,head_drop,6.783875,62.517461,569.929653,5.053189,16930.281665
87.200000,4,head_drop,6.715240,62.553326,572.441498,5.069112,16938.772862
87.400000,4,head_drop,6.921334,62.149600,572.557150,5.109002,16988.520695
87.600000,4,head_drop,6.696183,62.308237,570.149903,5.119875,16914.310388
87.800000,4,head_drop,6.532641,62.067444,569.252118,5.012734,16960.587967
88.000000,4,head_drop,6.495030,62.108213,571.762745,5.086343,16975.668647
88.200000,4,head_drop,6.421406,62.365308,572.910997,4.978555,16918.293052
88.400000,4,head_drop,6.775046,62.348245,574.255709,5.116341,16997.021853
88.600000,4,head_drop,6.804561,62.019597,566.923586,5.029280,16955.864932
88.800000,4,head_drop,6.656040,62.039777,567.525473,5.072267,16994.916212
89.000000,4,head_drop,6.860222,62.557299,567.244105,5.126467,16946.553372
89.200000,4,head_drop,6.615185,62.769092,573.721469,5.005389,16883.211243
89.400000,4,head_drop,6.575773,62.189279,571.525195,5.110243,16939.761846
89.600000,4,head_drop,6.636097,62.661499,570.426324,5.157620,16947.965328
89.800000,4,head_drop,6.630870,62.426073,570.204692,5.129904,16925.481324
90.000000,4,head_drop,6.803597,62.516518,568.653839,5.083628,16879.802420
90.200000,4,head_drop,6.783267,62.394666,574.480131,5.113117,16902.841901
90.400000,4,head_drop,6.708291,62.401610,567.107928,5.044365,16942.971474
90.600000,4,head_drop,6.804663,62.278656,571.362680,5.093585,16961.084330
90.800000,4,head_drop,6.715218,62.582755,572.576806,5.114984,16928.543087
91.000000,4,head_drop,6.710824,62.598995,569.917800,5.052384,16961.344325
91.200000,4,head_drop,6.941432,62.486705,572.036050,5.229308,16953.506096
91.400000,4,head_drop,6.761361,62.363725,567.693224,5.186230,16976.577786
91.600000,4,head_drop,6.653918,62.354424,565.974905,5.082992,16958.625149
91.800000,4,head_drop,6.870746,62.354545,569.486927,5.121842,16911.855718
92.000000,4,head_drop,6.682914,62.532437,570.417031,5.128952,16968.720687
92.200000,4,head_drop,6.749851,62.417086,571.607779,5.118543,16925.143239
92.400000,4,head_drop,6.907004,62.240162,570.586880,5.058719,16940.014808
92.600000,4,head_drop,6.829049,62.519975,572.434994,5.128578,16878.089435
92.800000,4,head_drop,6.782022,62.222638,570.777802,5.143609,16913.777648
93.000000,4,head_drop,6.849101,62.410647,572.130521,5.123598,16903.024113
93.200000,4,head_drop,6.397891,62.489566,571.662948,5.052047,16957.556950
93.400000,4,head_drop,6.830912,62.518816,569.218839,5.085436,16931.183718
93.600000,4,head_drop,6.866666,62.576515,569.776638,5.073357,16941.521019
93.800000,4,head_drop,6.864696,62.572812,568.146772,5.151272,16950.524922
94.000000,4,head_drop,6.879961,62.529027,570.998929,5.106984,16935.170116
94.200000,4,head_drop,6.639729,62.579132,569.523056,5.119515,16979.258056
94.400000,4,head_drop,6.683258,62.410549,566.507022,5.071876,16877.883954
94.600000,4,head_drop,6.841901,62.568321,568.539399,5.064028,16923.821138
94.800000,4,head_drop,6.837749,62.257856,575.982087,5.041201,16922.977430
95.000000,4,head_drop,6.508565,62.444634,572.236620,5.149630,16957.753081
95.200000,4,head_drop,6.871118,62.549310,574.110538,5.100447,16987.640808
95.400000,4,head_drop,6.658670,62.248364,571.016846,5.104579,16913.093328
95.600000,4,head_drop,6.401963,62.555229,573.104331,5.068839,16927.308940
95.800000,4,head_drop,6.719526,62.427027,569.748856,5.095949,16948.430006
96.000000,4,head_drop,6.683715,62.779697,570.136002,5.112623,16917.618139
96.200000,4,head_drop,6.858101,62.297175,568.562896,5.077131,16919.029046
96.400000,4,head_drop,6.833161,62.743754,570.051193,5.147572,16982.205223
96.600000,4,head_drop,6.879845,62.753431,571.884365,5.105806,16985.454709
96.800000,4,head_drop,6.714478,62.387103,576.516620,5.115798,16902.001862
97.000000,4,head_drop,6.758312,62.623129,571.988237,5.066237,16959.342704
97.200000,4,head_drop,6.744590,62.449829,573.465177,5.084635,16921.389842
97.400000,4,head_drop,6.831991,62.731296,571.930720,5.206436,16869.890411
97.600000,4,head_drop,6.732151,62.522384,571.971486,5.129253,16889.138244
97.800000,4,head_drop,6.834383,62.780167,571.885767,5.080086,16951.026572
98.000000,4,head_drop,6.666202,62.757967,570.304370,5.171498,16937.478310
98.200000,4,head_drop,6.834535,62.824158,566.362534,5.057641,17035.392568
98.400000,4,head_drop,6.701481,62.156548,569.497484,5.055434,16980.577160
98.600000,4,head_drop,7.068740,62.700314,572.108170,5.047519,16957.572428
98.800000,4,head_drop,6.729325,62.630913,568.348062,5.086003,16928.400324
99.000000,4,head_drop,6.645726,62.545997,572.971056,5.068071,16966.383871
99.200000,4,head_drop,6.788495,62.668556,570.323486,5.089105,16968.280498
99.400000,4,head_drop,6.953513,62.389390,573.307440,5.173747,16878.106319
99.600000,4,head_drop,6.853259,63.108433,567.099929,5.093002,16983.275908
99.800000,4,head_drop,6.800983,62.216891,571.051497,5.057039,16903.669100
100.000000,4,head_drop,6.758520,62.620003,570.375184,5.116047,16955.639525
100.200000,4,head_drop,6.703346,62.911104,569.229340,5.076363,16938.290579
100.400000,4,head_drop,6.679002,62.537227,568.077137,5.144649,16983.737882
100.600000,4,head_drop,6.728280,62.768889,572.192588,5.207749,16882.611262
100.800000,4,head_drop,6.841901,62.899425,572.972397,5.074876,16915.236240
101.000000,4,head_drop,6.719249,62.716210,572.107767,5.114327,16946.532450
101.200000,4,head_drop,6.484586,62.943196,565.068195,5.050783,16898.246122
101.400000,4,head_drop,6.699667,62.691719,573.037751,5.083069,17029.081452
101.600000,4,head_drop,6.885928,62.965612,573.216530,5.065797,16930.816561
101.800000,4,head_drop,6.631256,62.406510,568.086145,5.072678,16914.985751
102.000000,4,head_drop,6.699752,62.801334,571.036104,5.066722,16941.871236
102.200000,4,head_drop,6.652410,62.841604,571.037362,5.126221,16936.387966
102.400000,4,head_drop,6.817169,62.555201,566.726722,5.080861,16978.792568
102.600000,4,head_drop,6.855649,62.746929,570.071885,5.165862,16949.988376
102.800000,4,head_drop,6.597450,62.505512,569.324603,5.142927,16962.988077
103.000000,4,head_drop,7.006071,62.552917,573.031150,5.063107,16907.890950
103.200000,4,head_drop,6.583251,62.818483,569.570167,5.123777,16891.875860
103.400000,4,head_drop,6.995672,62.765174,570.334758,5.080207,16964.982265
103.600000,4,head_drop,6.781499,62.673214,573.365852,5.178517,16990.698859
103.800000,4,head_drop,6.795635,62.813088,567.600913,5.114741,16964.199283
104.000000,4,head_drop,6.926780,63.176820,575.442918,5.080351,16905.441988
104.200000,4,head_drop,6.747404,62.441654,577.988670,5.097619,16893.870469
104.400000,4,head_drop,6.855261,62.929555,568.285882,5.090187,16973.533274
104.600000,4,head_drop,6.880725,63.212416,573.226303,5.157693,17017.437884
104.800000,4,head_drop,6.637692,62.771615,573.596403,5.081994,16866.003047
105.000000,4,head_drop,6.710042,62.556007,572.822952,5.122197,16889.098592
105.200000,4,head_drop,6.714542,62.850837,570.339640,5.093116,16944.257295
105.400000,4,head_drop,6.525193,62.982800,571.109063,5.124795,16954.071744
105.600000,4,head_drop,6.479014,62.807842,573.864069,5.096982,16953.650837
105.800000,4,head_drop,6.860411,62.709872,573.248525,5.161934,16889.519675
106.000000,4,head_drop,6.975489,62.896072,572.319398,5.073026,17011.755839
106.200000,4,head_drop,6.694012,62.749890,578.615842,5.121316,16973.383130
106.400000,4,head_drop,6.798581,62.795851,570.513476,5.106986,16967.696251
106.600000,4,head_drop,6.856352,63.019509,569.571103,5.118413,16906.167564
106.800000,4,head_drop,6.763026,62.832466,573.017317,5.117197,16926.137522
107.000000,4,head_drop,6.596332,62.840283,571.623294,5.122938,16940.567776
107.200000,4,head_drop,6.728502,62.646010,573.139090,5.103600,17028.069297
107.400000,4,head_drop,6.938482,62.569412,571.987183,5.006729,16994.729378
107.600000,4,head_drop,7.073455,62.892716,574.193165,5.091969,16936.975233
107.800000,4,head_drop,6.858664,63.273574,571.052462,5.073498,16905.372791
108.000000,4,head_drop,6.949923,62.867191,570.906177,4.995869,16967.430930
108.200000,4,head_drop,6.743101,62.639275,573.782452,5.127538,16945.107970
108.400000,4,head_drop,6.804308,62.787204,569.716858,5.162938,16889.680217
108.600000,4,head_drop,6.640111,62.932794,571.533950,5.097313,16913.637491
108.800000,4,head_drop,6.759456,62.893340,568.543844,5.121791,16939.163066
109.000000,4,head_drop,6.742050,62.801473,570.889363,5.061895,16920.414576
109.200000,4,head_drop,6.849132,62.720792,569.466560,5.111167,16931.357825
109.400000,4,head_drop,6.699132,62.889671,571.176140,5.120335,16916.285344
109.600000,4,head_drop,6.597140,63.203533,574.620944,5.088415,16959.366028
109.800000,4,head_drop,6.709913,62.776859,570.028355,5.116903,16964.860104
110.000000,4,head_drop,6.940325,62.830573,575.153954,5.117585,16932.965063
110.200000,4,head_drop,6.485672,62.719891,571.711722,5.150067,16959.527384
110.400000,4,head_drop,6.769618,62.520947,574.471409,5.130329,16957.471332
110.600000,4,head_drop,6.654910,62.723525,577.131420,5.090377,16943.992200
110.800000,4,head_drop,6.636309,63.022179,568.005068,5.132148,16837.506538
111.000000,4,head_drop,6.746804,63.104338,571.530675,5.087115,17005.140166
111.200000,4,head_drop,6.739069,63.075552,572.745916,5.073560,17001.626939
111.400000,4,head_drop,6.824610,62.831145,569.903986,5.025121,16854.478143
111.600000,4,head_drop,6.766578,62.890839,569.150182,5.059105,16987.479129
111.800000,4,head_drop,7.118797,62.838142,572.648173,5.141034,16885.998777
112.000000,4,head_drop,6.790665,63.056393,575.547341,5.080516,16909.616270
112.200000,4,head_drop,6.986895,62.865195,569.323833,5.071535,16995.718688
112.400000,4,head_drop,6.594801,63.067274,572.839697,5.057437,16961.151842
112.600000,4,head_drop,6.723189,62.968220,575.881389,5.081869,16904.963339
112.800000,4,head_drop,6.908704,62.667535,573.530189,5.090148,16896.570864
113.000000,4,head_drop,6.674961,62.722935,569.392252,5.183170,16954.127283
113.200000,4,head_drop,6.857481,62.710773,568.444248,5.121912,16952.216231
113.400000,4,head_drop,6.641726,62.895307,567.994369,5.060593,16887.694094
113.600000,4,head_drop,6.933039,62.556913,571.613886,5.144994,16856.916138
113.800000,4,head_drop,6.981325,62.596325,570.771070,5.114423,16989.043470
114.000000,4,head_drop,6.911598,62.973945,574.348220,5.147830,16934.352798
114.200000,4,head_drop,6.876767,62.544053,571.613724,5.123367,16914.980627
114.400000,4,head_drop,6.848653,63.050643,570.113887,5.086456,16994.458564
114.600000,4,head_drop,6.651654,62.739922,571.142345,5.118168,16933.074789
114.800000,4,head_drop,6.841010,62.757788,569.667658,5.151272,16889.978609
115.000000,4,head_drop,6.775699,62.796977,571.837873,5.108742,16902.339382
115.200000,4,head_drop,6.896540,62.950065,568.742122,5.124148,16890.326568
115.400000,4,head_drop,6.948345,62.840288,569.973416,5.110124,16929.942062
115.600000,4,head_drop,6.704146,63.158249,572.203008,5.079512,16860.428186
115.800000,4,head_drop,6.588687,62.973473,573.274339,5.020359,16935.518147
116.000000,4,head_drop,7.026529,62.817785,571.244774,5.099924,16932.159429
116.200000,4,head_drop,6.261400,62.930526,568.435435,5.098246,16890.844079
116.400000,4,head_drop,6.789884,62.534972,575.609354,5.055464,16918.281261
116.600000,4,head_drop,6.777440,63.023748,566.093812,5.109788,16959.780816
116.800000,4,head_drop,6.825447,63.096016,571.071187,5.161818,16914.844827
117.000000,4,head_drop,6.638126,62.935957,573.579859,5.073439,16883.980388
117.200000,4,head_drop,6.757139,63.033265,568.702478,5.050056,16966.641852
117.400000,4,head_drop,6.727444,62.779293,571.747665,5.038955,16946.166753
117.600000,4,head_drop,6.773574,62.883451,571.346498,5.047791,16935.453402
117.800000,4,head_drop,6.821080,62.619842,571.728712,5.115718,16937.777267
118.000000,4,head_drop,6.810771,62.931541,574.309178,5.135782,16938.180178
118.200000,4,head_drop,6.689685,62.508811,574.628785,5.112078,16950.083967
118.400000,4,head_drop,6.633716,62.787119,573.264582,5.168067,16895.003836
118.600000,4,head_drop,6.662199,63.019482,572.582145,5.024556,16884.286831
118.800000,4,head_drop,6.903686,63.111217,572.878797,5.133795,16957.300910
119.000000,4,head_drop,7.036613,63.069682,570.202612,5.050116,16975.212319
119.200000,4,head_drop,6.742581,62.729545,571.407506,5.013023,16931.339126
119.400000,4,head_drop,6.987743,62.735782,570.876318,5.078937,16965.894326
119.600000,4,head_drop,6.758426,63.096734,569.623842,5.097844,16872.790516
119.800000,4,head_drop,6.895847,62.626337,569.716739,5.168573,16927.731461
120.000000,4,head_drop,6.740091,62.731326,573.185651,5.109938,17024.584353
120.200000,4,head_drop,6.715508,62.885346,571.642851,5.106121,16946.886195
120.400000,4,head_drop,6.951090,63.206389,572.600721,5.114349,16862.916250
120.600000,4,head_drop,6.517946,62.829324,565.861667,5.124802,16904.183611
120.800000,4,head_drop,6.720827,62.970477,573.906728,5.059456,16988.858910
121.000000,4,head_drop,6.724265,62.918268,570.367209,4.988193,16945.619436
121.200000,4,head_drop,6.871464,63.151789,570.896462,5.109429,16922.100093
121.400000,4,head_drop,6.679492,63.112464,576.454245,5.133842,16917.551544
121.600000,4,head_drop,6.761142,63.037404,573.714133,5.106935,16890.943719
121.800000,4,head_drop,6.789078,63.087182,569.684384,5.063703,16950.980388
122.000000,4,head_drop,6.745418,63.033042,568.663807,5.097171,16976.032185
122.200000,4,head_drop,6.490333,62.643522,573.091828,5.107239,16959.869473
122.400000,4,head_drop,6.667540,63.056719,567.734175,5.083850,17002.810738
122.600000,4,head_drop,6.705267,63.073920,572.278381,4.951595,16909.759359
122.800000,4,head_drop,6.693008,62.810183,572.265556,5.073204,16901.863469
123.000000,4,head_drop,6.490185,62.883831,574.847703,5.189251,16969.323839
123.200000,4,head_drop,6.958055,63.052111,572.905738,5.195077,16928.848685
123.400000,4,head_drop,6.776086,62.938128,572.944993,5.013860,16903.595769
123.600000,4,head_drop,6.945744,63.196396,569.612323,5.132849,16847.732473
123.800000,4,head_drop,6.931244,62.725126,567.049805,5.097079,16933.319590
124.000000,4,head_drop,6.677318,63.036428,568.405719,5.062075,16917.604206
124.200000,4,head_drop,6.934541,62.910189,574.743618,5.116995,16981.450480
124.400000,4,head_drop,6.819169,62.923884,571.234348,5.095973,16939.053101
124.600000,4,head_drop,6.934307,62.770624,570.776593,5.129232,16897.986351
124.800000,4,head_drop,6.694481,62.891960,572.800993,5.062917,16883.395526
125.000000,4,head_drop,6.739950,62.891285,568.777107,5.071103,16922.176657
125.200000,4,head_drop,6.661523,63.121207,567.119712,5.091723,16912.267810
125.400000,4,head_drop,6.891821,63.006650,565.677882,5.053323,16845.269944
125.600000,4,head_drop,7.065522,63.317470,569.014600,5.148617,16872.885825
125.800000,4,head_drop,6.713845,62.774132,572.324016,5.099547,16896.292596
126.000000,4,head_drop,6.821247,62.766899,571.861685,5.114382,16929.757713
126.200000,4,head_drop,6.741693,63.335566,575.004049,5.136391,16869.470703
126.400000,4,head_drop,7.020717,63.103249,571.082608,5.107692,16926.907388
126.600000,4,head_drop,6.846920,63.250463,571.043178,5.141556,16894.636611
126.800000,4,head_drop,6.936231,62.612369,568.345196,5.060292,16900.223144
127.000000,4,head_drop,6.791854,62.932050,566.600946,5.072135,16962.701439
127.200000,4,head_drop,6.750178,63.165968,571.508545,5.158026,16952.654133
127.400000,4,head_drop,6.803869,62.838628,573.227394,5.090363,17038.295774
127.600000,4,head_drop,6.668299,62.770771,571.548217,5.109311,16917.909480
127.800000,4,head_drop,6.747561,63.402718,573.914827,5.081178,17014.049753
128.000000,4,head_drop,7.054279,62.985164,565.089851,5.125073,16935.406617
128.200000,4,head_drop,7.156090,63.222446,572.916191,5.096463,16968.285047
128.400000,4,head_drop,6.773479,63.061625,573.089061,5.087044,16953.785839
128.600000,4,head_drop,6.529555,63.365138,567.741468,5.037299,16883.639402
128.800000,4,head_drop,6.777773,63.269726,567.175803,5.175758,16952.986638
129.000000,4,head_drop,6.880522,62.888654,568.729829,5.053094,16944.145245
129.200000,4,head_drop,6.562648,62.669639,578.875431,5.119746,16957.457503
129.400000,4,head_drop,6.959784,63.048165,570.996093,5.018695,16869.132981
129.600000,4,head_drop,6.606538,62.981519,570.382177,5.133235,17034.151441
129.800000,4,head_drop,6.805756,62.946706,573.848045,5.082930,16896.031722
130.000000,4,head_drop,6.719357,63.300750,571.237314,5.076564,16944.942284
130.200000,4,head_drop,6.766341,62.802837,569.606413,4.987221,16912.130981
130.400000,4,head_drop,7.124167,62.921692,568.034547,5.129587,16937.492893
130.600000,4,head_drop,6.934048,63.095375,562.923389,5.079313,16946.216751
130.800000,4,head_drop,6.922718,63.153491,567.593545,5.113160,16994.096457
131.000000,4,head_drop,6.864559,63.263973,572.700294,5.058045,17005.344598
131.200000,4,head_drop,7.163204,62.947551,567.116339,5.113781,16925.813843
131.400000,4,head_drop,6.840526,63.116954,570.009788,5.123890,16951.592891
131.600000,4,head_drop,7.009584,62.696539,565.366997,5.121429,16874.588543
131.800000,4,head_drop,6.708111,62.940765,570.288356,5.140367,16909.009468
132.000000,4,head_drop,6.536064,63.045595,574.505792,5.002071,16910.343410
132.200000,4,head_drop,6.708795,62.962132,567.749535,5.165067,16862.912414
132.400000,4,head_drop,6.837473,63.065387,572.962362,5.131908,16891.186388
132.600000,4,head_drop,6.801423,62.734588,573.869068,5.114522,16977.582621
132.800000,4,head_drop,6.687998,63.267773,565.332614,5.095857,16979.358999
133.000000,4,head_drop,6.822852,63.155929,570.807077,5.077319,16946.271198
133.200000,4,head_drop,6.913956,63.325818,573.152838,5.065202,16889.728229
133.400000,4,head_drop,6.565196,62.770340,570.904131,5.155710,16904.370018
133.600000,4,head_drop,6.927807,63.323155,569.284344,5.103127,16916.241721
133.800000,4,head_drop,6.897118,62.636876,562.029083,5.093831,16966.312565
134.000000,4,head_drop,6.648890,63.240849,571.170448,5.029712,16887.561815
134.200000,4,head_drop,7.040410,63.192642,572.562183,5.114378,16966.626914
134.400000,4,head_drop,6.864105,62.979696,571.648770,5.153717,16916.327571
134.600000,4,head_drop,6.833968,62.899106,576.288564,5.060101,16871.470246
134.800000,4,head_drop,6.724649,63.224902,569.898524,5.198567,16939.337439
135.000000,4,head_drop,6.877691,63.135380,570.924755,5.064039,16913.738533
135.200000,4,head_drop,6.685976,62.767582,570.883879,5.122930,16948.150315
135.400000,4,head_drop,6.809476,63.159018,571.361235,5.176751,16922.859940
135.600000,4,head_drop,6.884560,63.275951,572.708098,5.041680,16934.226931
135.800000,4,head_drop,6.505447,62.968560,573.469820,5.092483,16846.545058
136.000000,4,head_drop,6.582884,62.808345,572.415150,5.188468,16959.202455
136.200000,4,head_drop,7.080098,62.906920,571.378025,5.131874,16905.703171
136.400000,4,head_drop,6.847249,62.826255,569.858536,5.013060,16912.685688
136.600000,4,head_drop,6.910466,63.196599,571.161275,5.131694,16945.123198
136.800000,4,head_drop,6.995118,62.907950,573.909489,5.087755,16984.432033
137.000000,4,head_drop,6.643274,63.007427,570.388252,5.092598,16896.398778
137.200000,4,head_drop,6.803042,62.758578,570.081241,5.086282,17039.824932
137.400000,4,head_drop,6.603698,63.068004,568.737128,5.050099,16849.771830
137.600000,4,head_drop,6.638057,63.155189,571.373137,5.104849,17012.375928
137.800000,4,head_drop,6.867081,63.240429,572.584109,5.113171,16849.209443
138.000000,4,head_drop,6.808892,62.683532,568.275835,5.128260,16949.497124
138.200000,4,head_drop,6.768636,62.816007,567.560185,5.130715,16872.547015
138.400000,4,head_drop,6.703039,63.085076,570.329799,5.116040,16897.593373
138.600000,4,head_drop,6.718373,63.159244,570.737806,5.106171,16873.061628
138.800000,4,head_drop,6.793945,62.966920,571.823776,5.008768,16902.953313
139.000000,4,head_drop,6.753388,63.212791,574.045373,5.155222,17005.554899
139.200000,4,head_drop,6.583796,63.312786,571.204606,5.049920,16943.836418
139.400000,4,head_drop,6.724422,62.825049,569.253766,5.127628,16882.685519
139.600000,4,head_drop,6.989267,63.019288,572.120278,5.127460,16960.126107
139.800000,4,head_drop,6.683090,62.903510,569.056193,5.095955,16893.701644
140.000000,4,head_drop,6.482095,62.939386,574.679481,5.080853,16898.885586
140.200000,4,head_drop,6.825462,63.083421,568.573331,5.116281,16848.388017
140.400000,4,head_drop,6.690602,62.877567,573.857672,5.099616,16870.061611
140.600000,4,head_drop,6.921641,62.904939,576.562888,5.122575,16877.992959
140.800000,4,head_drop,6.656453,63.322529,575.785676,5.102714,16863.233922
141.000000,4,head_drop,6.835335,62.746988,569.168393,5.025856,16945.240531
141.200000,4,head_drop,6.933594,62.776628,570.955327,5.139434,16893.492729
141.400000,4,head_drop,6.890116,63.370573,575.423872,5.070264,16933.230636
141.600000,4,head_drop,6.714589,63.097846,571.469100,5.134189,16943.304721
141.800000,4,head_drop,6.632623,62.671331,570.028228,5.064683,16908.956111
142.000000,4,head_drop,6.905092,62.964981,572.228789,5.104243,16935.868455
142.200000,4,head_drop,6.730279,63.327694,572.168070,5.124009,16989.404000
142.400000,4,head_drop,6.773519,62.582784,574.093349,5.206637,16981.251207
142.600000,4,head_drop,6.580862,63.107399,566.931086,5.093331,16920.185213
142.800000,4,head_drop,6.800301,63.323754,568.756766,5.077501,16876.630343
143.000000,4,head_drop,6.853483,63.130374,570.871645,5.123179,16927.911677
143.200000,4,head_drop,6.814896,62.854651,570.351259,5.112344,17028.538530
143.400000,4,head_drop,6.587017,62.796364,572.664743,5.096295,16917.423513
143.600000,4,head_drop,6.960143,63.089380,572.223407,5.052434,16974.350866
143.800000,4,head_drop,6.938099,62.972260,570.141848,5.135183,16910.500425
144.000000,4,head_drop,6.962725,62.751906,572.087684,5.110926,16991.358829
144.200000,4,head_drop,6.861433,63.332231,571.359385,5.051004,16927.592136
144.400000,4,head_drop,6.929460,63.223644,570.500209,5.114669,16914.014788
144.600000,4,head_drop,6.748046,63.110834,570.483816,5.133436,16913.205923
144.800000,4,head_drop,6.692358,63.186695,573.043471,5.090900,16885.571563
145.000000,4,head_drop,6.574224,62.837780,568.677523,5.079079,16874.771070
145.200000,4,head_drop,6.748369,63.228220,573.068138,5.110845,16925.650345
145.400000,4,head_drop,6.810312,63.069392,574.610009,5.073048,16945.618415
145.600000,4,head_drop,6.833228,63.027683,572.069650,5.110971,16901.183637
145.800000,4,head_drop,6.914488,63.205584,568.928927,5.076124,16961.919442
146.000000,4,head_drop,6.656357,63.119880,573.192476,5.079963,16962.062067
146.200000,4,head_drop,6.841273,62.895944,571.583515,5.101525,16896.031670
146.400000,4,head_drop,6.719907,63.067552,570.501062,5.131397,16991.922593
146.600000,4,head_drop,6.793531,63.012577,571.047031,5.120830,16974.039458
146.800000,4,head_drop,6.860189,63.299575,574.926752,5.104249,16919.641019
147.000000,4,head_drop,6.682114,63.032184,576.040234,5.130670,16923.442786
147.200000,4,head_drop,6.865108,62.866549,573.475494,5.071505,16946.523391
147.400000,4,head_drop,6.885163,62.886526,566.375676,5.100227,16911.679793
147.600000,4,head_drop,6.949784,63.154150,572.943172,5.123082,16947.202287
147.800000,4,head_drop,6.931930,62.959417,571.241070,5.132708,16938.203845
148.000000,4,head_drop,6.639678,63.059609,569.875735,5.147277,16932.819790
148.200000,4,head_drop,6.734876,62.824850,572.326882,5.069139,16899.563177
148.400000,4,head_drop,6.565075,63.110850,574.001018,5.074919,16881.025091
148.600000,4,head_drop,6.772058,62.899109,568.986300,5.179995,16931.663388
148.800000,4,head_drop,6.823082,63.193118,571.854712,5.149067,16979.676721
149.000000,4,head_drop,6.959403,63.030324,574.597551,5.103651,16905.336432
149.200000,4,head_drop,6.961114,62.933968,571.805681,5.098135,16953.764611
149.400000,4,head_drop,6.596659,63.335339,572.730881,5.152324,16955.731200
149.600000,4,head_drop,6.898129,62.880359,572.615322,5.101844,16946.579622
149.800000,4,head_drop,6.691101,63.285698,573.039917,5.124203,16967.445558
150.000000,4,head_drop,6.837949,63.026501,572.346870,5.146732,16984.066431
150.200000,4,head_drop,6.829033,62.942005,568.831387,5.104583,17011.764581
150.400000,4,head_drop,6.772683,63.331483,570.646911,5.122042,16916.552991
150.600000,4,head_drop,6.591482,62.608710,570.963034,5.103562,16858.688765
150.800000,4,head_drop,6.604264,63.233854,572.482283,5.151146,16963.086164
151.000000,4,head_drop,6.841343,63.170289,570.100405,5.110184,16939.543376
151.200000,4,head_drop,7.070918,63.083014,570.785175,5.132358,16959.270155
151.400000,4,head_drop,6.815308,63.337154,573.114230,5.042417,17008.720685
151.600000,4,head_drop,6.730855,63.267437,573.882969,5.116088,16989.721790
151.800000,4,head_drop,6.739277,63.143359,575.677737,5.105722,16905.945481
152.000000,4,head_drop,6.784911,62.594235,574.942746,5.071075,16947.926856
152.200000,4,head_drop,6.846895,62.900803,567.413070,5.102899,17012.094423
152.400000,4,head_drop,6.896961,63.436015,574.903559,5.074978,16934.778316
152.600000,4,head_drop,6.842772,62.875046,567.862215,5.096919,16886.971195
152.800000,4,head_drop,6.731754,62.914118,575.645346,5.152279,16971.894789
153.000000,4,head_drop,6.659221,63.074451,569.656118,5.136871,16899.426208
153.200000,4,head_drop,6.820077,62.939369,570.915815,5.077788,16945.382817
153.400000,4,head_drop,6.892693,62.986769,573.462876,5.127315,16936.518512
153.600000,4,head_drop,6.629422,62.726971,567.896765,5.083894,16890.155033
153.800000,4,head_drop,6.909745,63.266821,574.176829,5.059844,16928.098446
154.000000,4,head_drop,6.807712,63.140186,572.561504,5.020605,16908.255223
154.200000,4,head_drop,7.091454,62.953570,575.570728,5.122776,16903.324620
154.400000,4,head_drop,6.744117,62.774023,573.387346,5.070345,16841.896191
154.600000,4,head_drop,6.896663,62.939318,568.956116,5.141725,16958.391211
154.800000,4,head_drop,6.875848,63.281160,567.154730,5.078727,16923.050073
155.000000,4,head_drop,6.867219,63.320700,571.797403,5.081791,16933.463659
155.200000,4,head_drop,6.588340,63.462767,581.429096,5.133460,16948.067259
155.400000,4,head_drop,6.593944,63.318812,570.196548,5.098868,16900.524583
155.600000,4,head_drop,6.711319,62.987232,570.377092,5.123482,16970.184328
155.800000,4,head_drop,7.008535,63.589147,570.368153,5.049825,16948.800773
156.000000,4,head_drop,6.888381,63.539659,567.571671,5.086818,17007.317295
156.200000,4,head_drop,6.744619,63.235069,573.746401,5.199541,16866.842259
156.400000,4,head_drop,6.590124,63.036831,571.855519,5.121260,16924.605034
156.600000,4,head_drop,6.929754,63.173744,574.121160,5.064553,16989.783879
156.800000,4,head_drop,6.783911,63.387297,571.300895,5.046301,16950.868959
157.000000,4,head_drop,6.669044,63.033540,569.949919,5.108263,16997.403341
157.200000,4,head_drop,6.883777,62.908859,569.641267,5.040709,16966.242595
157.400000,4,head_drop,6.898371,62.897218,573.014380,5.096954,16962.487806
157.600000,4,head_drop,6.730285,63.140369,570.445282,5.063796,16978.047250
157.800000,4,head_drop,6.875845,63.201009,569.786122,5.098895,16816.927429
158.000000,4,head_drop,6.689670,63.233201,572.044773,5.119833,16887.478909
158.200000,4,head_drop,6.705400,63.292545,570.550790,5.059488,16958.889808
158.400000,4,head_drop,6.865105,62.748829,571.775235,5.042355,16913.405483
158.600000,4,head_drop,6.806672,63.531585,569.180966,5.094953,16999.578063
158.800000,4,head_drop,6.815157,63.206496,568.205860,5.075106,16909.009411
159.000000,4,head_drop,6.590664,63.285056,572.532649,5.015410,16989.032517
159.200000,4,head_drop,6.730553,63.103795,571.826069,5.100311,16930.628982
159.400000,4,head_drop,7.043682,62.906481,568.881414,5.122147,16936.574294
159.600000,4,head_drop,6.465620,62.899804,574.871454,5.165877,16899.547638
159.800000,4,head_drop,6.839110,62.756116,573.968129,5.106951,16878.263622
160.000000,4,head_drop,6.756065,63.333257,573.028478,5.038661,16898.350380
160.200000,4,head_drop,6.781444,63.040450,574.805140,5.024540,16930.557751
160.400000,4,head_drop,6.681140,63.090091,572.016188,5.087355,16910.765515
160.600000,4,head_drop,6.873414,62.945267,573.886752,5.103800,16859.216298
160.800000,4,head_drop,6.777760,63.373153,567.906488,5.095993,16904.380084
161.000000,4,head_drop,6.819733,63.158806,569.875995,5.031461,17005.729816
161.200000,4,head_drop,6.334461,63.133864,571.210449,5.098625,16971.004287
161.400000,4,head_drop,6.944888,63.115114,569.657850,5.085046,16911.403226
161.600000,4,head_drop,6.545588,63.065443,570.950290,5.132693,17002.205678
161.800000,4,head_drop,6.707107,62.895798,568.476180,5.111613,16977.880926
162.000000,4,head_drop,6.775568,62.849910,570.071645,5.096189,16888.169118
162.200000,4,head_drop,7.000866,62.762664,576.130779,5.130065,16997.589542
162.400000,4,head_drop,6.744776,63.130279,571.964915,5.093275,16923.320219
162.600000,4,head_drop,7.030990,62.644939,569.972946,5.077099,16979.369110
162.800000,4,head_drop,6.739776,63.000895,568.115646,5.072559,16948.711511
163.000000,4,head_drop,6.777759,63.110185,572.765791,5.107847,16932.206130
163.200000,4,head_drop,6.865473,63.328410,567.338187,5.112646,16891.037461
163.400000,4,head_drop,6.961929,63.076843,568.327133,5.085936,16922.751328
163.600000,4,head_drop,6.558900,63.170687,569.352649,5.104464,16950.248564
163.800000,4,head_drop,6.746798,62.854510,573.091607,5.101249,16950.754543
164.000000,4,head_drop,6.978190,63.304817,571.901308,5.082635,16968.904470
164.200000,4,head_drop,6.802388,63.220185,575.802107,5.132349,16936.613621
164.400000,4,head_drop,7.032253,62.566344,565.743742,5.101390,16900.191987
164.600000,4,head_drop,7.044746,63.134040,573.895991,5.044096,16967.119837
164.800000,4,head_drop,6.709438,62.850958,576.326154,5.109731,16948.819190
165.000000,4,head_drop,6.889620,63.032700,569.549428,5.103373,16960.195033
165.200000,4,head_drop,6.787212,63.422656,569.610196,5.116743,16879.321061
165.400000,4,head_drop,6.977377,62.753734,573.736282,5.116669,16975.532262
165.600000,4,head_drop,6.521064,63.301288,575.236415,5.139717,16932.444626
165.800000,4,head_drop,6.891871,62.799344,570.416549,5.150645,16972.807387
166.000000,4,head_drop,6.680048,62.813795,571.540135,5.115344,16918.865018
166.200000,4,head_drop,6.636220,63.201890,564.894366,5.114001,17033.620304
166.400000,4,head_drop,6.836025,63.058530,571.897804,5.038825,16877.642561
166.600000,4,head_drop,6.720403,63.111014,569.906342,5.122318,16983.720699
166.800000,4,head_drop,6.855467,63.434137,570.977460,5.149361,17012.396179
167.000000,4,head_drop,6.781585,63.234823,572.051920,5.032451,16896.568922
167.200000,4,head_drop,6.713849,63.267983,574.082950,5.205855,16949.118979
167.400000,4,head_drop,6.453019,62.996977,572.075637,5.075759,16941.055535
167.600000,4,head_drop,6.789592,63.029488,573.295665,5.135950,16921.465423
167.800000,4,head_drop,6.800029,63.252926,571.228907,5.053607,16940.528520
168.000000,4,head_drop,6.916183,62.885551,566.522647,5.010446,16868.294515
168.200000,4,head_drop,6.866967,62.864453,572.932063,5.157333,16949.784733
168.400000,4,head_drop,6.901513,63.058435,572.987470,5.118299,16883.826262
168.600000,4,head_drop,6.765157,63.141276,571.385356,5.080432,16964.297843
168.800000,4,head_drop,7.062849,62.854583,574.572961,5.076851,16958.156140
169.000000,4,head_drop,6.817672,63.210799,573.342149,5.130295,16926.887366
169.200000,4,head_drop,6.782372,62.857393,575.109534,5.052618,16907.492183
169.400000,4,head_drop,6.768272,62.914057,566.473665,5.095133,16984.519094
169.600000,4,head_drop,6.950718,63.195998,578.651659,5.204974,16837.869777
169.800000,4,head_drop,6.977619,63.074878,567.987495,5.061511,16981.987239
170.000000,4,head_drop,6.957031,63.248761,571.510271,5.074907,16877.887217
170.200000,4,head_drop,6.690420,63.121782,569.197333,5.069720,16859.736628
170.400000,4,head_drop,6.815897,63.307461,568.019918,5.116854,16996.767538
170.600000,4,head_drop,6.867481,62.942572,577.205530,5.038201,16976.890962
170.800000,4,head_drop,6.850570,63.109274,571.839532,5.116338,17004.374574
171.000000,4,head_drop,6.700343,62.996354,570.303005,5.048343,16891.594915
171.200000,4,head_drop,7.049555,63.089630,569.982327,5.158346,16993.420551
171.400000,4,head_drop,6.921361,62.813335,569.007644,5.136651,16934.162893
171.600000,4,head_drop,6.883813,63.325554,575.191974,5.061622,16907.031004
171.800000,4,head_drop,6.724802,63.102148,572.255555,5.120793,16957.369497
172.000000,4,head_drop,6.940926,62.847594,577.980887,5.123143,16869.223839
172.200000,4,head_drop,6.723908,63.250248,569.538184,5.124578,16898.751567
172.400000,4,head_drop,6.721648,63.257873,574.381763,5.122425,16961.264753
172.600000,4,head_drop,6.643262,62.907180,576.463495,5.209717,16923.904503
172.800000,4,head_drop,6.693673,62.836193,575.292892,5.122596,16912.709845
173.000000,4,head_drop,6.877493,62.981082,572.940026,5.074865,16946.689227
173.200000,4,head_drop,6.614115,63.450979,574.863019,5.110460,16959.866578
173.400000,4,head_drop,6.738979,63.233607,571.004081,5.173676,16966.605165
173.600000,4,head_drop,6.594745,63.217393,574.607453,5.086332,16986.253322
173.800000,4,head_drop,6.942170,62.995717,573.178095,5.127690,16912.290127
174.000000,4,head_drop,6.837016,62.839069,573.586432,5.118075,16866.477848
174.200000,4,head_drop,6.506094,62.704822,574.689771,5.121018,16945.912701
174.400000,4,head_drop,6.638170,63.063950,566.715974,5.101413,16927.913355
174.600000,4,head_drop,6.672831,63.064527,572.839583,5.145347,16926.257125
174.800000,4,head_drop,6.786996,63.343778,574.316043,5.073369,16953.552820
175.000000,4,head_drop,6.679263,63.401219,573.901042,5.079043,16930.561655
175.200000,4,head_drop,6.880600,63.681941,576.335944,5.093792,16955.849838
175.400000,4,head_drop,6.585877,62.951578,568.020973,5.122713,16944.327078
175.600000,4,head_drop,6.826640,62.778385,571.888781,5.213709,16848.495954
175.800000,4,head_drop,6.401774,63.364095,572.997875,5.145531,16980.813486
176.000000,4,head_drop,6.922804,63.051811,573.944123,5.086586,16904.645606
176.200000,4,head_drop,6.890280,62.790983,574.266388,5.027544,16897.994169
176.400000,4,head_drop,6.443157,63.153241,571.580028,5.110499,16959.903618
176.600000,4,head_drop,6.754309,62.875716,570.587530,5.102629,16946.629375
176.800000,4,head_drop,6.948315,63.628261,570.301667,5.106150,16953.734708
177.000000,4,head_drop,6.702335,62.649687,571.250543,5.041499,16880.407755
177.200000,4,head_drop,6.853104,63.455852,571.123168,5.047596,16961.560901
177.400000,4,head_drop,6.815275,63.146633,571.074464,5.101587,16904.248198
177.600000,4,head_drop,6.624940,62.797059,570.462045,5.128675,16927.608066
177.800000,4,head_drop,6.805047,63.048997,568.407454,5.055546,16811.376225
178.000000,4,head_drop,6.757129,63.350037,569.481137,5.109803,16926.023812
178.200000,4,head_drop,6.640157,63.084601,571.655128,5.114157,17003.894282
178.400000,4,head_drop,6.988836,62.942450,568.230865,5.099742,16945.963456
178.600000,4,head_drop,6.861119,62.835089,573.231727,5.097195,17002.379755
178.800000,4,head_drop,6.850907,63.038591,569.877572,5.050364,16931.525358
179.000000,4,head_drop,6.761261,62.589682,571.617431,5.102818,16916.205674
179.200000,4,head_drop,6.580111,63.156984,574.003147,5.012738,16891.580578
179.400000,4,head_drop,6.764847,63.122010,570.503587,5.142688,16981.304598
179.600000,4,head_drop,6.773456,63.238559,571.912740,5.033065,16899.782037
179.800000,4,head_drop,6.983262,63.434570,571.010512,5.146625,16917.139331
